pre.post,control,easy,hard
pre,0.7328,0.04241,0.3462
post,0.04427,0.4996,0.8365